[
    {

        "type": "ماهي عاصمة الكويت",
        "answers": ["مدينة الكويت"]
    },
    {
            "type": "ماهي عصامة السعودية",
        "answers": ["الرياض"]
    },
    {
            "type": "ماهي عاصمة الهند",
        "answers": ["نيودلهي"]
    },
    {
            "type": "ماهي عاصمة استراليا",
        "answers": ["كانبرا"]
    },
    {
            "type": "ماهي عاصمة الفلبين",
        "answers": ["مانيلا"]
    },
    {
            "type": "ماهي عاصمة البرازيل",
        "answers": ["برازيليا"]
    },
    {
            "type": "ماهي عاصمة كندا",
        "answers": ["أوتاوا"]
    },
    {
            "type": "ماهي عاصمة البرتغال",
        "answers": ["لشبونة"]
    },
    {

            "type": "ماهي عاصمة مصر",
        "answers": ["القاهرة"]
    },
    {
            "type": "ماهي عاصمة روسيا",
        "answers": ["موسكو"]
    },
    {
            "type": "ماهي عاصمة السويد",
        "answers": ["ستوكهولم"]
    },
    {
            "type": "ماهي عاصمة تركيا",
        "answers": ["أنقرة"]
    },
    {
            "type": "ماهي عاصمة البحرين",
        "answers": ["المنامة"]
    },
    {
            "type": "ماهي عاصمة الصومال",
        "answers": ["مقديشو"]
    },
    {
            "type": "ماهي عاصمة اليمن",
        "answers": ["صنعاء"]
    },
    {
            "type": "ماهي عاصمة العراق",
        "answers": ["بغداد"]
    },
    {
            "type": "ماهي عاصمة الاردن",
        "answers": ["عمان"]
    },
    {
            "type": "ماهي عاصمة سوريا",
        "answers": ["دمشق"]
    },
    {
            "type": "ماهي عاصمة لبنان",
        "answers": ["بيروت"]
    },
    {
            "type": "ماهي عاصمة ليبيا",
        "answers": ["طرابلس"]
    },
    {
            "type": "ماهي عاصمة ليبيريا",
        "answers": ["مونروفيا"]
    },
    {
                "type": "ماهي عاصمة اليونان",
        "answers": ["أثينا"]
    }
]
